dealer_id,injected_event
MS-AN-001,
MS-AP-001,
MS-AP-002,
MS-AP-003,
MS-AP-004,service_disruption
MS-AP-005,
MS-AP-006,
MS-AP-007,
MS-AP-008,
MS-AP-009,
MS-AP-010,service_disruption
MS-AP-011,
MS-AP-012,
MS-AP-013,stock_push
MS-AP-014,
MS-AP-015,
MS-AP-016,
MS-AP-017,
MS-AP-018,
MS-AP-019,
MS-AP-020,
MS-AP-021,
MS-AP-022,
MS-AP-023,
MS-AP-024,
MS-AP-025,
MS-AP-026,
MS-AP-027,
MS-AP-028,
MS-AP-029,
MS-AP-030,service_disruption
MS-AP-031,
MS-AP-032,
MS-AP-033,credit_squeeze
MS-AP-034,
MS-AP-035,
MS-AR-001,
MS-AR-002,
MS-AR-003,
MS-AR-004,
MS-AS-001,
MS-AS-002,
MS-AS-003,credit_squeeze
MS-AS-004,
MS-AS-005,
MS-AS-006,
MS-AS-007,
MS-AS-008,
MS-AS-009,
MS-AS-010,
MS-AS-011,
MS-AS-012,
MS-AS-013,
MS-AS-014,
MS-AS-015,
MS-AS-016,stock_push
MS-AS-017,
MS-AS-018,
MS-AS-019,
MS-AS-020,
MS-AS-021,
MS-AS-022,
MS-AS-023,
MS-BR-001,
MS-BR-002,
MS-BR-003,
MS-BR-004,
MS-BR-005,
MS-BR-006,
MS-BR-007,
MS-BR-008,credit_squeeze
MS-BR-009,
MS-BR-010,
MS-BR-011,
MS-BR-012,
MS-BR-013,
MS-BR-014,
MS-BR-015,
MS-BR-016,
MS-BR-017,
MS-BR-018,
MS-BR-019,
MS-BR-020,
MS-CG-001,
MS-CG-002,
MS-CG-003,
MS-CG-004,
MS-CG-005,
MS-CG-006,
MS-CG-007,
MS-CG-008,
MS-CG-009,
MS-CG-010,
MS-CG-011,
MS-CG-012,
MS-CG-013,
MS-CG-014,
MS-CG-015,
MS-CG-016,
MS-CG-017,
MS-CG-018,
MS-CG-019,
MS-CG-020,
MS-CG-021,
MS-CG-022,
MS-DD-001,
MS-DD-002,
MS-DL-001,
MS-DL-002,
MS-DL-003,
MS-DL-004,
MS-DL-005,
MS-DL-006,
MS-DL-007,
MS-DL-008,
MS-DL-009,
MS-DL-010,
MS-DL-011,
MS-GA-001,
MS-GA-002,service_disruption
MS-GA-003,
MS-GA-004,
MS-GA-005,
MS-GA-006,
MS-GA-007,
MS-GA-008,
MS-GJ-001,
MS-GJ-002,
MS-GJ-003,
MS-GJ-004,
MS-GJ-005,
MS-GJ-006,
MS-GJ-007,
MS-GJ-008,
MS-GJ-009,
MS-GJ-010,
MS-GJ-011,
MS-GJ-012,
MS-GJ-013,
MS-GJ-014,
MS-GJ-015,credit_squeeze
MS-GJ-016,
MS-GJ-017,
MS-GJ-018,
MS-GJ-019,credit_squeeze
MS-GJ-020,
MS-GJ-021,
MS-GJ-022,credit_squeeze
MS-GJ-023,
MS-GJ-024,
MS-GJ-025,
MS-GJ-026,
MS-GJ-027,
MS-GJ-028,
MS-GJ-029,
MS-GJ-030,
MS-GJ-031,
MS-GJ-032,
MS-GJ-033,
MS-GJ-034,
MS-GJ-035,credit_squeeze
MS-HP-001,
MS-HP-002,
MS-HP-003,
MS-HP-004,
MS-HP-005,credit_squeeze
MS-HP-006,
MS-HP-007,
MS-HP-008,
MS-HP-009,
MS-HP-010,
MS-HP-011,service_disruption
MS-HP-012,
MS-HP-013,
MS-HP-014,
MS-HP-015,
MS-HP-016,
MS-HP-017,
MS-HP-018,
MS-HP-019,
MS-HP-020,
MS-HP-021,
MS-HP-022,stock_push
MS-HP-023,
MS-HP-024,
MS-HP-025,
MS-HP-026,stock_push
MS-HP-027,
MS-HP-028,
MS-HP-029,
MS-HP-030,
MS-HP-031,
MS-HP-032,
MS-HP-033,service_disruption
MS-HP-034,
MS-HP-035,
MS-HP-036,
MS-HP-037,
MS-HP-038,
MS-HR-001,stock_push
MS-HR-002,
MS-HR-003,
MS-HR-004,
MS-HR-005,
MS-HR-006,
MS-HR-007,
MS-HR-008,
MS-HR-009,
MS-HR-010,
MS-HR-011,
MS-HR-012,
MS-HR-013,
MS-HR-014,service_disruption
MS-HR-015,
MS-HR-016,
MS-HR-017,
MS-HR-018,
MS-HR-019,stock_push
MS-HR-020,
MS-HR-021,
MS-HR-022,
MS-HR-023,
MS-HR-024,
MS-HR-025,
MS-HR-026,
MS-HR-027,
MS-HR-028,
MS-HR-029,
MS-HR-030,
MS-HR-031,
MS-HR-032,
MS-HR-033,
MS-HR-034,service_disruption
MS-HR-035,
MS-HR-036,
MS-HR-037,
MS-HR-038,
MS-HR-039,
MS-HR-040,
MS-HR-041,
MS-HR-042,
MS-HR-043,
MS-HR-044,
MS-HR-045,
MS-HR-046,
MS-HR-047,
MS-HR-048,
MS-HR-049,
MS-HR-050,
MS-HR-051,
MS-HR-052,
MS-HR-053,
MS-HR-054,
MS-HR-055,
MS-HR-056,
MS-HR-057,service_disruption
MS-HR-058,
MS-HR-059,
MS-HR-060,
MS-HR-061,
MS-HR-062,
MS-HR-063,
MS-HR-064,
MS-HR-065,
MS-HR-066,
MS-HR-067,
MS-HR-068,
MS-HR-069,
MS-HR-070,
MS-HR-071,
MS-HR-072,
MS-HR-073,service_disruption
MS-HR-074,
MS-HR-075,
MS-HR-076,service_disruption
MS-HR-077,
MS-HR-078,
MS-JH-001,
MS-JH-002,
MS-JH-003,
MS-JH-004,
MS-JH-005,
MS-JH-006,
MS-JH-007,
MS-JH-008,
MS-JH-009,
MS-JH-010,
MS-JH-011,
MS-JK-001,
MS-JK-002,
MS-JK-003,
MS-JK-004,
MS-JK-005,
MS-JK-006,
MS-JK-007,
MS-JK-008,
MS-JK-009,credit_squeeze
MS-JK-010,
MS-JK-011,service_disruption
MS-JK-012,
MS-JK-013,credit_squeeze
MS-JK-014,
MS-JK-015,
MS-JK-016,
MS-JK-017,
MS-JK-018,
MS-JK-019,
MS-JK-020,
MS-KA-001,
MS-KA-002,credit_squeeze
MS-KA-003,
MS-KA-004,
MS-KA-005,
MS-KA-006,
MS-KA-007,stock_push
MS-KA-008,
MS-KA-009,
MS-KA-010,
MS-KA-011,
MS-KA-012,
MS-KA-013,
MS-KA-014,
MS-KA-015,
MS-KA-016,
MS-KA-017,credit_squeeze
MS-KA-018,
MS-KA-019,
MS-KA-020,
MS-KA-021,
MS-KA-022,
MS-KA-023,
MS-KA-024,
MS-KA-025,
MS-KA-026,
MS-KA-027,
MS-KA-028,
MS-KA-029,
MS-KA-030,
MS-KA-031,
MS-KA-032,
MS-KA-033,
MS-KA-034,stock_push
MS-KA-035,
MS-KA-036,
MS-KA-037,
MS-KA-038,credit_squeeze
MS-KA-039,
MS-KA-040,
MS-KA-041,
MS-KA-042,
MS-KA-043,
MS-KA-044,stock_push
MS-KA-045,
MS-KA-046,
MS-KA-047,
MS-KA-048,
MS-KA-049,
MS-KA-050,
MS-KA-051,
MS-KA-052,service_disruption
MS-KA-053,
MS-KA-054,
MS-KA-055,
MS-KA-056,
MS-KA-057,
MS-KA-058,
MS-KL-001,
MS-KL-002,
MS-KL-003,
MS-KL-004,
MS-KL-005,
MS-KL-006,
MS-KL-007,
MS-KL-008,
MS-KL-009,
MS-KL-010,
MS-KL-011,
MS-KL-012,
MS-KL-013,
MS-KL-014,
MS-KL-015,
MS-KL-016,
MS-KL-017,
MS-KL-018,service_disruption
MS-KL-019,
MS-KL-020,
MS-KL-021,
MS-KL-022,
MS-KL-023,
MS-KL-024,
MS-KL-025,
MS-KL-026,
MS-KL-027,
MS-KL-028,service_disruption
MS-KL-029,
MS-KL-030,
MS-KL-031,
MS-KL-032,
MS-KL-033,
MS-KL-034,
MS-KL-035,service_disruption
MS-KL-036,
MS-KL-037,
MS-KL-038,
MS-KL-039,
MS-KL-040,
MS-KL-041,
MS-KL-042,stock_push
MS-KL-043,
MS-KL-044,
MS-KL-045,
MS-KL-046,
MS-KL-047,
MS-KL-048,
MS-KL-049,
MS-KL-050,
MS-KL-051,
MS-KL-052,
MS-KL-053,
MS-KL-054,
MS-KL-055,
MS-KL-056,
MS-KL-057,credit_squeeze
MS-KL-058,
MS-KL-059,
MS-KL-060,
MS-KL-061,
MS-KL-062,
MS-KL-063,
MS-KL-064,
MS-KL-065,
MS-KL-066,stock_push
MS-KL-067,
MS-KL-068,
MS-KL-069,credit_squeeze
MS-KL-070,
MS-KL-071,
MS-KL-072,
MS-KL-073,
MS-KL-074,
MS-KL-075,
MS-KL-076,
MS-KL-077,
MS-KL-078,
MS-KL-079,
MS-KL-080,
MS-KL-081,
MS-KL-082,
MS-KL-083,
MS-KL-084,
MS-LA-001,
MS-MH-001,
MS-MH-002,
MS-MH-003,service_disruption
MS-MH-004,
MS-MH-005,credit_squeeze
MS-MH-006,
MS-MH-007,
MS-MH-008,credit_squeeze
MS-MH-009,
MS-MH-010,
MS-MH-011,
MS-MH-012,
MS-MH-013,
MS-MH-014,stock_push
MS-MH-015,
MS-MH-016,
MS-MH-017,
MS-MH-018,stock_push
MS-MH-019,credit_squeeze
MS-MH-020,
MS-MH-021,
MS-MH-022,
MS-MH-023,
MS-MH-024,
MS-MH-025,
MS-MH-026,
MS-MH-027,
MS-MH-028,
MS-MH-029,
MS-MH-030,
MS-MH-031,
MS-MH-032,
MS-MH-033,
MS-MH-034,
MS-MH-035,
MS-MH-036,
MS-MH-037,service_disruption
MS-MH-038,
MS-MH-039,
MS-MH-040,
MS-MH-041,
MS-MH-042,
MS-MH-043,
MS-MH-044,
MS-MH-045,
MS-MH-046,
MS-MH-047,
MS-MH-048,
MS-MH-049,
MS-MH-050,
MS-MH-051,stock_push
MS-MH-052,credit_squeeze
MS-ML-001,
MS-ML-002,
MS-ML-003,
MS-ML-004,
MS-ML-005,
MS-ML-006,
MS-MP-001,
MS-MP-002,
MS-MP-003,
MS-MP-004,
MS-MP-005,
MS-MP-006,
MS-MP-007,
MS-MP-008,
MS-MP-009,
MS-MP-010,
MS-MP-011,
MS-MP-012,
MS-MP-013,credit_squeeze
MS-MP-014,
MS-MP-015,
MS-MP-016,service_disruption
MS-MP-017,
MS-MP-018,
MS-MP-019,
MS-MP-020,
MS-MP-021,
MS-MP-022,
MS-MP-023,
MS-MP-024,
MS-MP-025,service_disruption
MS-MP-026,
MS-MP-027,
MS-MP-028,
MS-MP-029,
MS-MP-030,
MS-MP-031,stock_push
MS-MP-032,service_disruption
MS-MP-033,
MS-MP-034,
MS-MZ-001,
MS-MZ-002,
MS-NL-001,
MS-NL-002,
MS-OR-001,
MS-OR-002,
MS-OR-003,
MS-OR-004,
MS-OR-005,
MS-OR-006,
MS-OR-007,
MS-OR-008,
MS-OR-009,
MS-OR-010,
MS-OR-011,
MS-OR-012,
MS-OR-013,
MS-OR-014,service_disruption
MS-OR-015,
MS-OR-016,
MS-OR-017,
MS-OR-018,
MS-PB-001,credit_squeeze
MS-PB-002,
MS-PB-003,service_disruption
MS-PB-004,
MS-PB-005,service_disruption
MS-PB-006,
MS-PB-007,
MS-PB-008,
MS-PB-009,
MS-PB-010,
MS-PB-011,
MS-PB-012,
MS-PB-013,
MS-PB-014,
MS-PB-015,
MS-PB-016,
MS-PB-017,
MS-PB-018,
MS-PB-019,
MS-PB-020,
MS-PB-021,
MS-PB-022,
MS-PB-023,service_disruption
MS-PB-024,
MS-PB-025,
MS-PB-026,
MS-PB-027,
MS-PB-028,
MS-PB-029,
MS-PB-030,
MS-PB-031,
MS-PB-032,
MS-PB-033,
MS-PB-034,
MS-PB-035,
MS-PB-036,credit_squeeze
MS-PB-037,
MS-PB-038,
MS-PB-039,
MS-PY-001,credit_squeeze
MS-PY-002,
MS-PY-003,
MS-PY-004,
MS-PY-005,
MS-RJ-001,
MS-RJ-002,
MS-RJ-003,
MS-RJ-004,
MS-RJ-005,
MS-RJ-006,
MS-RJ-007,
MS-RJ-008,
MS-RJ-009,
MS-RJ-010,
MS-RJ-011,
MS-RJ-012,service_disruption
MS-RJ-013,
MS-RJ-014,
MS-RJ-015,
MS-RJ-016,
MS-RJ-017,
MS-RJ-018,
MS-RJ-019,
MS-RJ-020,
MS-RJ-021,stock_push
MS-RJ-022,
MS-RJ-023,
MS-RJ-024,
MS-RJ-025,
MS-RJ-026,credit_squeeze
MS-RJ-027,
MS-RJ-028,
MS-RJ-029,
MS-RJ-030,
MS-RJ-031,
MS-RJ-032,
MS-RJ-033,
MS-RJ-034,
MS-RJ-035,
MS-RJ-036,
MS-RJ-037,service_disruption
MS-RJ-038,
MS-RJ-039,
MS-RJ-040,
MS-RJ-041,
MS-RJ-042,
MS-RJ-043,
MS-RJ-044,credit_squeeze
MS-RJ-045,
MS-RJ-046,
MS-RJ-047,
MS-SK-001,
MS-SK-002,
MS-TN-001,
MS-TN-002,stock_push
MS-TN-003,
MS-TN-004,
MS-TN-005,
MS-TN-006,
MS-TN-007,
MS-TN-008,
MS-TN-009,
MS-TN-010,
MS-TN-011,stock_push
MS-TN-012,
MS-TN-013,
MS-TN-014,
MS-TN-015,
MS-TN-016,
MS-TN-017,
MS-TN-018,
MS-TN-019,
MS-TN-020,
MS-TN-021,
MS-TN-022,
MS-TN-023,
MS-TN-024,
MS-TN-025,
MS-TN-026,
MS-TN-027,
MS-TN-028,service_disruption
MS-TN-029,
MS-TN-030,credit_squeeze
MS-TN-031,
MS-TN-032,service_disruption
MS-TN-033,
MS-TN-034,
MS-TN-035,
MS-TN-036,
MS-TN-037,
MS-TN-038,
MS-TN-039,
MS-TN-040,
MS-TN-041,
MS-TN-042,credit_squeeze
MS-TN-043,
MS-TN-044,
MS-TN-045,
MS-TN-046,
MS-TN-047,credit_squeeze
MS-TN-048,
MS-TN-049,stock_push
MS-TN-050,
MS-TN-051,
MS-TN-052,
MS-TN-053,
MS-TN-054,
MS-TN-055,
MS-TN-056,
MS-TN-057,
MS-TN-058,
MS-TN-059,stock_push
MS-TN-060,
MS-TN-061,
MS-TN-062,
MS-TN-063,
MS-TN-064,
MS-TN-065,credit_squeeze
MS-TN-066,
MS-TN-067,
MS-TN-068,
MS-TN-069,
MS-TN-070,service_disruption
MS-TN-071,
MS-TN-072,
MS-TN-073,
MS-TN-074,stock_push
MS-TN-075,
MS-TN-076,
MS-TN-077,
MS-TN-078,
MS-TN-079,
MS-TN-080,
MS-TN-081,credit_squeeze
MS-TN-082,stock_push
MS-TN-083,
MS-TN-084,
MS-TN-085,service_disruption
MS-TN-086,
MS-TN-087,
MS-TN-088,
MS-TN-089,
MS-TN-090,
MS-TN-091,
MS-TN-092,
MS-TN-093,
MS-TN-094,
MS-TN-095,
MS-TN-096,
MS-TN-097,
MS-TN-098,service_disruption
MS-TN-099,
MS-TN-100,
MS-TN-101,
MS-TN-102,
MS-TN-103,
MS-TN-104,
MS-TN-105,
MS-TN-106,
MS-TN-107,
MS-TN-108,
MS-TN-109,
MS-TN-110,
MS-TN-111,
MS-TN-112,
MS-TN-113,stock_push
MS-TN-114,
MS-TN-115,
MS-TN-116,
MS-TN-117,
MS-TN-118,
MS-TN-119,
MS-TR-001,service_disruption
MS-TR-002,
MS-TR-003,
MS-TR-004,
MS-TR-005,service_disruption
MS-UK-001,
MS-UK-002,
MS-UK-003,
MS-UK-004,
MS-UK-005,
MS-UK-006,
MS-UK-007,
MS-UK-008,
MS-UK-009,
MS-UK-010,
MS-UK-011,
MS-UK-012,
MS-UK-013,
MS-UK-014,
MS-UK-015,
MS-UK-016,
MS-UK-017,
MS-UK-018,
MS-UP-001,
MS-UP-002,
MS-UP-003,
MS-UP-004,
MS-UP-005,
MS-UP-006,
MS-UP-007,
MS-UP-008,
MS-UP-009,
MS-UP-010,
MS-UP-011,credit_squeeze
MS-UP-012,
MS-UP-013,
MS-UP-014,
MS-UP-015,
MS-UP-016,
MS-UP-017,stock_push
MS-UP-018,
MS-UP-019,
MS-UP-020,
MS-UP-021,
MS-UP-022,
MS-UP-023,
MS-UP-024,
MS-UP-025,
MS-UP-026,stock_push
MS-UP-027,
MS-UP-028,
MS-UP-029,
MS-UP-030,
MS-UP-031,stock_push
MS-UP-032,
MS-UP-033,credit_squeeze
MS-UP-034,
MS-UP-035,
MS-UP-036,
MS-UP-037,credit_squeeze
MS-UP-038,
MS-UP-039,credit_squeeze
MS-UP-040,service_disruption
MS-UP-041,
MS-UP-042,credit_squeeze
MS-UP-043,
MS-UP-044,
MS-UP-045,
MS-UP-046,
MS-UP-047,
MS-UP-048,
MS-UP-049,
MS-UP-050,
MS-UP-051,
MS-UP-052,
MS-UP-053,
MS-UP-054,
MS-UP-055,
MS-UP-056,
MS-UP-057,
MS-UP-058,
MS-UP-059,
MS-UP-060,
MS-UP-061,
MS-UP-062,
MS-UP-063,
MS-UP-064,
MS-UP-065,
MS-UP-066,service_disruption
MS-UP-067,
MS-UP-068,
MS-UP-069,
MS-UP-070,
MS-UP-071,
MS-UP-072,
MS-UP-073,
MS-WB-001,
MS-WB-002,
MS-WB-003,
MS-WB-004,
MS-WB-005,
MS-WB-006,
MS-WB-007,
MS-WB-008,service_disruption
MS-WB-009,
MS-WB-010,
MS-WB-011,
MS-WB-012,
MS-WB-013,
MS-WB-014,credit_squeeze
MS-WB-015,
MS-WB-016,
MS-WB-017,
MS-WB-018,
MS-WB-019,
MS-WB-020,stock_push
MS-WB-021,
MS-WB-022,
MS-WB-023,credit_squeeze
MS-WB-024,
MS-WB-025,
MS-WB-026,
MS-WB-027,stock_push
MS-WB-028,
MS-WB-029,
MS-WB-030,
MS-WB-031,
MS-WB-032,
MS-WB-033,
MS-WB-034,
MS-WB-035,
MS-WB-036,
